,latitude,longitude,ndvi,gndvi,savi,evi,County,Year,Area_planted_Acr_f,yield_Bu_Acr_f,yield_total_Bu
0,40.7457405,-84.93613535,0.8645460500091869,8.262664933255303,1.2967727281389447,18.822446158575534,ADAMS,2014,64000.0,183.3,11731200.0
1,41.09186315,-85.07223512,0.8495033529115847,8.167987837561208,1.2743354374162272,22.83972227240048,ALLEN,2014,82000.0,185.8,15235600.000000002
2,39.2064832,-85.89366314,0.6083693632792397,3.347106208333413,0.912521053336254,12.452922896336252,BARTHOLOMEW,2014,60000.0,200.3,12018000.0
3,40.60826045,-87.31548474,0.8987636402410962,9.68802695785223,1.3489775782505316,6.348873122571864,BENTON,2014,130000.0,202.4,26312000.0
4,40.47466767,-85.32624117,0.6776659506368233,4.744491117881753,1.0166899946927364,14.95722240783346,BLACKFORD,2014,32500.0,157.1,5105750.0
5,40.05089919,-86.46901894,0.8980804741039381,10.791141570288993,1.347137986359112,18.857976384087205,BOONE,2014,99000.0,200.6,19859400.0
6,40.58498779,-86.56514651,0.9032088356166472,11.085409247152484,1.3548596547293812,19.553155652124367,CARROLL,2014,95000.0,205.3,19503500.0
7,40.7842263,-86.36139836,0.8988764437949581,10.64106714464964,1.348312134646654,14.795368770315497,CASS,2014,102000.0,195.9,19981800.0
8,38.47622474,-85.71112699,0.8441176355290452,7.950433583258039,1.2663122298917695,11.479714277390707,CLARK,2014,17500.0,173.3,3032750.0
9,39.39395874,-87.11584227,0.8916040679356407,9.847311696452785,1.339831299520545,16.72962250488115,CLAY,2014,61000.0,200.3,12218300.0
10,40.30595164,-86.47757176,0.9035326928941816,11.31595334998474,1.3554194704549678,12.610974228453433,CLINTON,2014,114000.0,214.1,24407400.0
11,38.69616271,-87.0769936,0.882821457330178,9.01930679461322,1.329148886850604,12.53715811762531,DAVIESS,2014,91000.0,210.2,19128200.0
12,41.39977654,-85.00631853,0.8473896771732022,7.534070302047199,1.2719109944150635,20.924666806550057,DE KALB,2014,49000.0,164.7,8070299.999999999
13,39.15578657,-84.96537794,0.8232261801774223,7.597932291327288,1.2354725777471052,43.69323047995629,DEARBORN,2014,8500.0,165.9,1410150.0
14,39.3059874,-85.49983589,0.7972386129035671,6.8711477212263325,1.1962794057952455,25.87333424635016,DECATUR,2014,82000.0,205.8,16875600.0
15,40.22717298,-85.39886044,0.6999951304574108,4.656230755715674,1.0504606071377491,10.462442983816372,DELAWARE,2014,74000.0,174.0,12876000.0
16,38.37335926,-86.88093118,0.8681532793590109,8.88708263361612,1.3026519219959034,16.736591676811443,DUBOIS,2014,58000.0,190.4,11043200.0
17,41.6007007,-85.8639916,0.881937377530344,9.15871035098818,1.3232064804043897,20.868870705675292,ELKHART,2014,58000.0,182.0,10556000.0
18,39.62874817,-85.16643336,0.834592452780382,7.944002739657861,1.2527384819322815,22.324085920934035,FAYETTE,2014,37000.0,187.4,6933800.0
19,38.32094528,-85.90561545,0.5756127664687583,3.501548757685809,0.8633130169254317,8.264104241771413,FLOYD,2014,2900.0,152.1,441090.0
20,40.12124878,-87.25399855,0.8968386552904828,9.9234935993956,1.3466810759919747,13.258792457069235,FOUNTAIN,2014,93000.0,204.8,19046400.0
21,39.40976964,-85.06696887,0.814370883298783,7.3528972357764175,1.2220726393973538,32.21225635737085,FRANKLIN,2014,40000.0,194.1,7764000.0
22,41.05039149,-86.26501127,0.8927099508923365,9.799961725342552,1.3391409085749704,19.80201181216247,FULTON,2014,98000.0,177.9,17434200.0
23,38.31741992,-87.58057102,0.8769670845547144,8.993064813960862,1.3225323916381702,10.120602091893875,GIBSON,2014,101000.0,195.3,19725300.0
24,40.52342395,-85.65679906,0.6523895414302642,4.081010183932304,0.9789778570972236,8.637703385972662,GRANT,2014,79000.0,185.0,14615000.0
25,39.04860273,-86.96527803,0.8765940590242248,8.649989346663938,1.3158174851696376,23.09723561659227,GREENE,2014,49000.0,186.0,9114000.0
26,40.07974005,-86.05075599,0.8042596982799268,7.191126455470874,1.2063277935290289,4.873158462055589,HAMILTON,2014,53000.0,197.3,10456900.0
27,39.82261169,-85.77290861,0.581474070442333,2.7988702447435574,0.8721288796954338,18.352437647941624,HANCOCK,2014,67000.0,188.6,12636200.0
28,38.18653639,-86.1154645,0.6567786923749874,4.292336609427733,0.9853156507187638,6.975055264639015,HARRISON,2014,25500.0,178.0,4539000.0
29,39.76722022,-86.50832298,0.900064697334801,10.919230386858054,1.3503243760694985,22.33601285436153,HENDRICKS,2014,74000.0,198.5,14689000.0
30,39.92958363,-85.39734271,0.7230670628996329,5.663296782961281,1.0849048051345538,11.947126697764364,HENRY,2014,80000.0,192.9,15432000.0
31,40.48354449,-86.11412297,0.8580039039018711,9.132499362841935,1.287201537775212,13.388633572797248,HOWARD,2014,66000.0,200.6,13239600.0
32,40.82651982,-85.48759304,0.7577661122487204,6.145703117817497,1.1365783439541333,15.819735589367582,HUNTINGTON,2014,71000.0,185.4,13163400.0
33,38.9119645,-86.04252112,0.6599127109976147,3.7856681026483967,0.989831462915107,6.632983211223153,JACKSON,2014,59000.0,171.5,10118500.0
34,41.03296976,-87.11884667,0.8821563647789162,8.400558546051831,1.323961754043465,9.210495801181844,JASPER,2014,175000.0,174.2,30484999.999999996
35,40.44118947,-85.00919869,0.8568457380402307,7.783338371866964,1.2855057616076768,13.5496301033677,JAY,2014,78000.0,169.1,13189800.0
36,38.79849447,-85.434437,0.8629802482173806,7.990814759434721,1.2948090939484027,9.33309643571891,JEFFERSON,2014,19500.0,188.0,3666000.0
37,38.99624134,-85.62811551,0.688926671974427,5.046152818117553,1.0337357127118858,18.07675043525841,JENNINGS,2014,38500.0,186.6,7184100.0
38,39.49605983,-86.10317437,0.6550655884892154,3.8118357259594458,0.9826930485745043,13.952302223268186,JOHNSON,2014,52000.0,186.9,9718800.0
39,38.70202833,-87.39823239,0.8779720394233561,8.865065636127609,1.3185741604192038,10.42373524085334,KNOX,2014,121000.0,194.2,23498200.0
40,41.24430064,-85.86158057,0.8766045357830125,9.208888105395696,1.3151490354065862,26.88002573923956,KOSCIUSKO,2014,110000.0,173.5,19085000.0
41,41.56424905,-86.72637332,0.8618034845985043,8.015747756749887,1.292608941812232,12.595447722503318,LA PORTE,2014,130000.0,167.9,21827000.0
42,41.64247623,-85.42630687,0.8291749245273863,6.841320043339102,1.2440501152212462,12.025793036875283,LAGRANGE,2014,47000.0,151.2,7106399.999999999
43,41.43953002,-87.37415437,0.8651650878232355,7.708131499894265,1.3016122508053067,25.21936048279959,LAKE,2014,59000.0,167.4,9876600.0
44,38.83982217,-86.48782494,0.777941477363739,5.975000082570743,1.167112452839253,7.219097890585789,LAWRENCE,2014,21000.0,190.4,3998400.0
45,40.16621065,-85.72245933,0.7340725776079148,5.446502645043502,1.101341726711149,5.295616206768978,MADISON,2014,94000.0,196.4,18461600.0
46,39.78305676,-86.14569837,0.6249081642753164,3.4520847793787564,0.9373859392933008,12.514963167829434,MARION,2014,8000.0,178.5,1428000.0
47,41.32501103,-86.26904159,0.894580453646854,9.766205946122176,1.342932776745978,17.689669819726287,MARSHALL,2014,89000.0,183.3,16313700.000000002
48,38.70532933,-86.80185203,0.8871640570223552,9.540313847673223,1.3320158106897315,24.17240990793819,MARTIN,2014,17000.0,188.5,3204500.0
49,40.79669505,-86.05388934,0.8570138895015783,8.772718081173064,1.2855447650007874,10.802460162644,MIAMI,2014,70000.0,176.5,12355000.0
50,39.1684134,-86.52720427,0.8175057348901333,8.953483470649195,1.2263984153262375,16.533808524246833,MONROE,2014,6400.0,180.6,1155840.0
51,40.04030377,-86.89271986,0.9007883735281071,10.622673561168847,1.3521173324038744,13.643612239232024,MONTGOMERY,2014,120000.0,205.3,24636000.0
52,39.48265329,-86.44746249,0.8496471729278554,9.308124206058682,1.2755446172821214,15.475259660604332,MORGAN,2014,44000.0,197.0,8668000.0
53,40.96240621,-87.4021772,0.8866639906006446,8.703561644595473,1.3310062390530035,14.384878735413924,NEWTON,2014,118000.0,185.1,21841800.0
54,41.40080199,-85.41785475,0.8647128211597283,8.056710958339098,1.298415563913812,18.21025158534424,NOBLE,2014,67000.0,168.8,11309600.0
55,38.94870376,-84.96494606,0.8386384078211483,7.774554563948971,1.2586029385116422,16.584247711163258,OHIO,2014,3000.0,182.8,548400.0
56,38.54738851,-86.48926212,0.8115026980358027,7.033998602008058,1.2173834325189457,3.3614712705601115,ORANGE,2014,26000.0,196.9,5119400.0
57,38.08144332,-86.62654483,0.5972059942892207,3.479483472017736,0.8958919538415971,11.491800484938862,PERRY,2014,12500.0,172.5,2156250.0
58,38.38931418,-87.21648097,0.8709644723309447,8.534630347115273,1.311828242160611,12.751236954641607,PIKE,2014,34000.0,170.7,5803800.0
59,41.458091,-87.07995577,0.8725250351304357,8.337410593857294,1.3087720741138444,14.611086648029463,PORTER,2014,63000.0,177.1,11157300.0
60,38.04109785,-87.84687607,0.8796862379905649,9.05137429957528,1.3214994543526963,11.53710342966432,POSEY,2014,90000.0,197.3,17757000.0
61,41.04530081,-86.70061336,0.8889660910493878,9.141831425696544,1.3335521781429684,15.591707386077804,PULASKI,2014,112000.0,155.7,17438400.0
62,39.67777133,-86.85132739,0.9047925108601318,11.083327096928176,1.3591601269172875,14.21634631278966,PUTNAM,2014,71000.0,198.6,14100600.0
63,40.16442179,-85.00500882,0.8391647390179616,7.253920926196352,1.2588764636847825,11.853578280002647,RANDOLPH,2014,100000.0,179.6,17960000.0
64,39.10023758,-85.26054571,0.8302494078119329,7.567683326747025,1.2455106511056315,19.32285846795302,RIPLEY,2014,48000.0,178.3,8558400.0
65,39.62231987,-85.46653141,0.7946863560590723,6.87391960428018,1.1924975333642862,13.487426958971358,RUSH,2014,110000.0,197.3,21703000.0
66,38.67943827,-85.75190302,0.6807330953096575,5.743454007845808,1.021073777027247,9.893663775093628,SCOTT,2014,13000.0,190.7,2479100.0
67,39.52414203,-85.7921792,0.7174378905649544,4.506014534368807,1.0761638359862946,9.646084141972608,SHELBY,2014,100000.0,187.9,18790000.0
68,38.04565477,-86.96362515,0.8536171146246582,8.383476496518682,1.2860681905759648,31.3925806204486,SPENCER,2014,60000.0,174.0,10440000.0
69,41.277633,-86.63899348,0.8645619664601208,7.998668244826752,1.2971192305183763,11.563264098551551,STARKE,2014,58000.0,156.3,9065400.0
70,41.64344516,-85.00247164,0.8200674371128487,6.859293170102357,1.2317070375486197,9.993459083115823,STEUBEN,2014,44000.0,160.5,7062000.0
71,39.08923247,-87.41584833,0.8893382993311725,9.490910974308507,1.3361393147840497,7.270449601208349,SULLIVAN,2014,66000.0,196.0,12936000.0
72,38.83711456,-85.02382442,0.8193167422078138,7.233419541701498,1.2289420432056213,17.633083805692273,SWITZERLAND,2014,7000.0,164.1,1148700.0
73,40.38926733,-86.89394799,0.8982273492648153,10.411632484746416,1.3482825225207755,13.199082687606433,TIPPECANOE,2014,104000.0,206.6,21486400.0
74,40.31023706,-86.05621174,0.8396280161758445,8.146671439251916,1.2595521109260672,10.218880160099625,TIPTON,2014,68000.0,214.9,14613200.0
75,39.62311849,-84.92515705,0.8615918676919302,8.716118135783754,1.2943561590310189,23.025336355356867,UNION,2014,33500.0,200.0,6700000.0
76,38.06074538,-87.57952289,0.8708307183805312,8.600556699827655,1.309328697052634,10.630001643249974,VANDERBURGH,2014,30000.0,188.0,5640000.0
77,39.86414105,-87.4510833,0.8979586623659501,9.78116510470601,1.3500931728075425,10.129943188234147,VERMILLION,2014,51000.0,213.6,10893600.0
78,40.84372437,-85.79517961,0.7379628704904053,5.358624430874375,1.1070178157892838,12.004206299605986,WABASH,2014,85000.0,181.0,15385000.0
79,40.35664694,-87.35973018,0.8952372391399508,9.847249268075268,1.3449641353134896,9.720170509686769,WARREN,2014,91000.0,209.5,19064500.0
80,38.08977045,-87.2983071,0.8717710679797566,8.654034725645733,1.316604250326059,17.29237448563496,WARRICK,2014,38000.0,175.4,6665200.0
81,38.60061984,-86.10475641,0.6955453439931127,4.953169817613036,1.0516198929946994,3.848345536472322,WASHINGTON,2014,49000.0,180.0,8820000.0
82,39.86309843,-85.00673999,0.8434241087813309,7.593557057076742,1.2656229687010865,15.691030112072475,WAYNE,2014,65000.0,185.2,12038000.0
83,40.74995362,-85.21242837,0.7726721930298738,6.416721133701237,1.1590550732480795,13.027123452869102,WELLS,2014,81000.0,189.9,15381900.0
84,40.748952,-86.88884895,0.8949389582020555,9.616664840607497,1.3426630437152554,10.291661839684304,WHITE,2014,155000.0,194.2,30101000.0
85,41.13643394,-85.50189685,0.7459976726989106,5.596551039042237,1.1189006692809202,17.838897428066296,WHITLEY,2014,60000.0,183.1,10986000.0
86,40.7457405,-84.93613535,0.7778584283588122,5.232603105474404,1.1666780546931603,15.985957017669804,ADAMS,2015,61000.0,103.5,6313500.0
87,41.09186315,-85.07223512,0.8109407927442029,6.356497149949248,1.2163929052178084,31.696299707555927,ALLEN,2015,74000.0,120.7,8931800.0
88,39.2064832,-85.89366314,0.7310199365100367,4.977475352704057,1.096432464065865,24.29901344278409,BARTHOLOMEW,2015,60000.0,161.0,9660000.0
89,40.60826045,-87.31548474,0.8584705242802081,7.747025964454737,1.2888866692755028,27.1397052151074,BENTON,2015,129000.0,169.3,21839700.0
90,40.47466767,-85.32624117,0.8095002832371633,6.14391569681116,1.2141606513946257,2.422543631211284,BLACKFORD,2015,29000.0,117.5,3407500.0
91,40.05089919,-86.46901894,0.8584277073005827,7.515121472841791,1.2893319575744444,21.268658960863824,BOONE,2015,95000.0,136.5,12967500.0
92,40.58498779,-86.56514651,0.8757184395456998,8.358374655469861,1.3153647935047554,10.476207094182158,CARROLL,2015,96000.0,157.2,15091199.999999998
93,40.7842263,-86.36139836,0.8645136483993151,7.585333327953694,1.3027792964779887,12.79444554629108,CASS,2015,103000.0,129.4,13328200.0
94,38.47622474,-85.71112699,0.8590636557506326,8.087094369521768,1.2885558780359596,35.47875512312451,CLARK,2015,15500.0,162.1,2512550.0
95,39.39395874,-87.11584227,0.8558835207754135,7.896772902136322,1.2838877524986518,26.47546304066509,CLAY,2015,60000.0,165.5,9930000.0
96,40.30595164,-86.47757176,0.8750382330614243,8.191445319373656,1.3137555624087012,12.881980359108317,CLINTON,2015,111000.0,146.6,16272600.0
97,38.69616271,-87.0769936,0.8729722938620288,9.09454477668532,1.3101960614666583,14.901993867356843,DAVIESS,2015,89000.0,174.4,15521600.0
98,39.15578657,-84.96537794,0.8353280680345123,7.002629317812183,1.2529351816061114,35.14563762277883,DEARBORN,2015,8000.0,151.9,1215200.0
99,39.3059874,-85.49983589,0.7793573768351412,6.164662110108013,1.168924952726576,27.20982029137677,DECATUR,2015,80000.0,177.9,14232000.0
100,40.22717298,-85.39886044,0.8230393244771399,6.519733442896539,1.2344773039969483,10.10845711065242,DELAWARE,2015,68000.0,130.1,8846800.0
101,38.37335926,-86.88093118,0.8782344573523708,9.486094945438955,1.3189105606157117,15.688847458264446,DUBOIS,2015,60000.0,165.8,9948000.0
102,41.6007007,-85.8639916,0.8613080142638181,8.243034579736197,1.292298146784688,50.52052141957565,ELKHART,2015,56000.0,154.7,8663200.0
103,39.62874817,-85.16643336,0.8640292740313044,7.902499358868631,1.2960351201914495,22.272377263268396,FAYETTE,2015,33000.0,181.5,5989500.0
104,38.32094528,-85.90561545,0.8711013962427027,8.618037133307038,1.3075978939602402,17.194964557603242,FLOYD,2015,3200.0,158.1,505920.0
105,40.12124878,-87.25399855,0.8567988081977502,7.778146294297917,1.291162987809226,22.988644975338648,FOUNTAIN,2015,94000.0,169.4,15923600.0
106,39.40976964,-85.06696887,0.8311019064093236,7.046520233322679,1.2465341766520353,21.04386716598036,FRANKLIN,2015,38000.0,182.4,6931200.0
107,41.05039149,-86.26501127,0.8720077171211196,7.841159868364762,1.3122159908748408,17.659977343040723,FULTON,2015,98000.0,142.1,13925800.0
108,38.31741992,-87.58057102,0.8528636776637653,8.889642796941246,1.279695344047858,17.08107438673966,GIBSON,2015,104000.0,177.1,18418400.0
109,40.52342395,-85.65679906,0.8164098213542318,6.734825749424699,1.2245080393427568,2.3954922433081016,GRANT,2015,67000.0,135.1,9051700.0
110,40.07974005,-86.05075599,0.8255079284311911,6.961119015007307,1.2384332399833955,6.60388955363206,HAMILTON,2015,54000.0,145.4,7851600.0
111,39.82261169,-85.77290861,0.8197515259532967,6.453165176121364,1.2297367364813685,4.399174665584567,HANCOCK,2015,65000.0,149.9,9743500.0
112,38.18653639,-86.1154645,0.8816936015533294,9.205679979176985,1.3230981995791329,14.33462929271676,HARRISON,2015,25000.0,173.1,4327500.0
113,39.76722022,-86.50832298,0.8626133168204428,7.860913786785385,1.295246395179581,30.85392643264261,HENDRICKS,2015,69000.0,149.7,10329300.0
114,39.92958363,-85.39734271,0.835997251252461,7.039155208977236,1.2540531889769508,11.378884954674376,HENRY,2015,72000.0,158.0,11376000.0
115,40.48354449,-86.11412297,0.8553035515361196,7.729291584674629,1.2833107623601412,9.211472805482924,HOWARD,2015,61000.0,160.4,9784400.0
116,40.82651982,-85.48759304,0.7428564203823858,5.224501043183465,1.1142234894929337,4.400712202724861,HUNTINGTON,2015,68000.0,123.1,8370800.0
117,38.9119645,-86.04252112,0.809858947052944,6.59601821559754,1.2146937177963637,9.171340686439732,JACKSON,2015,63000.0,151.6,9550800.0
118,41.03296976,-87.11884667,0.8045011048572014,5.267959421400084,1.2084671409058907,10.94129682066575,JASPER,2015,158000.0,98.3,15531400.0
119,40.44118947,-85.00919869,0.8109073207275168,5.842467450611791,1.2162384222530116,11.33793855947402,JAY,2015,72000.0,108.3,7797600.0
120,38.79849447,-85.434437,0.8442657801418874,7.169416284466639,1.2663181002352333,32.55005706028931,JEFFERSON,2015,17000.0,151.8,2580600.0
121,38.99624134,-85.62811551,0.8104974663300731,6.42327278646661,1.2156229476503324,22.899235797511967,JENNINGS,2015,38500.0,160.3,6171550.0
122,39.49605983,-86.10317437,0.650699333070657,3.697830880841064,0.975981446218234,31.17694953947716,JOHNSON,2015,50000.0,152.0,7600000.0
123,38.70202833,-87.39823239,0.8535007808273269,8.668462783130309,1.2813653429920384,9.775013370036143,KNOX,2015,114000.0,164.5,18753000.0
124,41.24430064,-85.86158057,0.8393534308232261,7.656147512167385,1.259124883677181,34.78477439846048,KOSCIUSKO,2015,108000.0,170.9,18457200.0
125,41.56424905,-86.72637332,0.8658834555069793,8.150047647402918,1.2999701495542746,6.161000457967622,LA PORTE,2015,118000.0,151.3,17853400.0
126,41.64247623,-85.42630687,0.8392299165759237,7.462012133676353,1.258800671278434,32.24985747204897,LAGRANGE,2015,47000.0,150.0,7050000.0
127,41.43953002,-87.37415437,0.8562113150193571,7.121164764267481,1.2858087876764996,4.022475285420477,LAKE,2015,55000.0,142.0,7810000.0
128,38.83982217,-86.48782494,0.8509674256388479,8.22410927404217,1.2764425587129626,10.299468470735402,LAWRENCE,2015,20000.0,178.4,3568000.0
129,40.16621065,-85.72245933,0.8270362117354733,6.804056146755132,1.2404493497599036,8.394102032860305,MADISON,2015,86000.0,136.3,11721800.000000002
130,39.78305676,-86.14569837,0.5603233098325024,3.21181442302972,0.8404914224690773,37.68084465142381,MARION,2015,6000.0,167.8,1006800.0000000001
131,41.32501103,-86.26904159,0.8623492584771507,7.664665748881632,1.2941405871904557,23.67296156803364,MARSHALL,2015,92000.0,143.7,13220399.999999998
132,38.70532933,-86.80185203,0.8845812315898233,9.818981179779652,1.327956786071378,20.936748463293576,MARTIN,2015,16000.0,149.4,2390400.0
133,40.79669505,-86.05388934,0.842164134626708,7.093402526445104,1.2653019902812714,10.198347242254558,MIAMI,2015,68000.0,138.6,9424800.0
134,39.1684134,-86.52720427,0.8694183545844943,8.617157791864848,1.304020234604855,37.09902226556623,MONROE,2015,5900.0,158.8,936920.0000000001
135,40.04030377,-86.89271986,0.8616335683283328,7.776330123593333,1.293645933210489,23.06719469210229,MONTGOMERY,2015,116000.0,176.5,20474000.0
136,39.48265329,-86.44746249,0.8045486998087978,7.415286568439677,1.207816929497451,48.9988974917827,MORGAN,2015,42000.0,155.4,6526800.0
137,40.96240621,-87.4021772,0.8104990361063268,5.544686062427972,1.2166253165461094,21.69702597282065,NEWTON,2015,115000.0,110.9,12753500.0
138,41.40080199,-85.41785475,0.8481016011318985,7.983428163050901,1.2720824289135029,36.13439149626676,NOBLE,2015,65000.0,163.1,10601500.0
139,38.94870376,-84.96494606,0.8353686465711158,7.00955015392802,1.2529700178283567,17.921464854172996,OHIO,2015,2600.0,162.5,422500.0
140,38.54738851,-86.48926212,0.876613734290663,8.803056858847421,1.3151067373666945,5.690969459516916,ORANGE,2015,24000.0,190.5,4572000.0
141,39.33540745,-86.82610528,0.8668072268344493,8.556728344929326,1.3004353558451094,57.64189819657791,OWEN,2015,20000.0,164.1,3282000.0
142,39.77425711,-87.19695563,0.8559428326309525,8.34427411789695,1.284362098280046,22.25818277061101,PARKE,2015,64000.0,160.8,10291200.0
143,41.458091,-87.07995577,0.8686086223321617,7.989363480058451,1.3034314777913996,3.1024170568699017,PORTER,2015,60000.0,151.5,9090000.0
144,38.04109785,-87.84687607,0.8670897054437349,9.433787569913564,1.3014573509028309,9.825723091505116,POSEY,2015,87000.0,190.3,16556100.000000002
145,41.04530081,-86.70061336,0.8204054452001394,5.775577937318749,1.233245143170841,13.067772255760213,PULASKI,2015,105000.0,109.7,11518500.0
146,39.67777133,-86.85132739,0.8691940644999393,8.172853769832022,1.3050601365426828,50.35103467196362,PUTNAM,2015,70000.0,149.6,10472000.0
147,40.16442179,-85.00500882,0.8536614676034158,7.432044296666422,1.2806347775000355,14.44986915199114,RANDOLPH,2015,98000.0,144.8,14190400.000000002
148,39.10023758,-85.26054571,0.8484737483561541,7.351753576189782,1.2725896953777576,35.53864607793452,RIPLEY,2015,47000.0,158.7,7458899.999999999
149,39.62231987,-85.46653141,0.7381720103715176,5.957301422454942,1.107195432710259,25.949057092374957,RUSH,2015,107000.0,169.7,18157900.0
150,38.67943827,-85.75190302,0.822264125165891,6.74032734813502,1.233311288675648,20.956670295638983,SCOTT,2015,12500.0,167.8,2097500.0
151,39.52414203,-85.7921792,0.7585586435948825,5.3865137613383975,1.1377311584090164,17.714384865148055,SHELBY,2015,87000.0,157.2,13676399.999999998
152,38.04565477,-86.96362515,0.8845253949490497,10.086363852469908,1.3273614843345765,30.62847486400113,SPENCER,2015,54000.0,163.7,8839800.0
153,41.277633,-86.63899348,0.8276393772263787,6.031565929252026,1.242239383452558,5.4194649030961575,STARKE,2015,56000.0,97.6,5465600.0
154,39.08923247,-87.41584833,0.862389422853043,8.463693379089145,1.293804679796556,12.980043912716624,SULLIVAN,2015,68000.0,163.0,11084000.0
155,38.83711456,-85.02382442,0.8457365673579135,7.429181565962108,1.2684753477339474,28.699134904173672,SWITZERLAND,2015,5900.0,158.2,933379.9999999999
156,40.38926733,-86.89394799,0.86019008714676,8.005063192534452,1.2925012743716144,24.378572003526696,TIPPECANOE,2015,96000.0,147.9,14198400.0
157,40.31023706,-86.05621174,0.8652638521467755,8.021220353063306,1.3003125897146306,7.691877937808917,TIPTON,2015,70000.0,173.4,12138000.0
158,39.62311849,-84.92515705,0.8752688206783631,8.68462120311929,1.3128384316092998,23.842777301269468,UNION,2015,32000.0,174.0,5568000.0
159,38.06074538,-87.57952289,0.8703265792582923,9.431437659993485,1.305856483011319,15.109755675696467,VANDERBURGH,2015,27000.0,166.4,4492800.0
160,39.86414105,-87.4510833,0.8621647741174565,8.416710881815568,1.2948966520045313,22.115038566171627,VERMILLION,2015,44000.0,156.3,6877200.000000001
161,39.42915003,-87.39038086,0.8231972099931218,7.577211080320228,1.2351686127149175,15.958461233803806,VIGO,2015,46000.0,164.0,7544000.0
162,40.84372437,-85.79517961,0.7857298749170943,6.113688136662339,1.1788605818687683,7.128430860039358,WABASH,2015,77000.0,135.3,10418100.0
163,40.35664694,-87.35973018,0.8696515038461542,8.61083028232759,1.3515823741582351,26.214116215973768,WARREN,2015,90000.0,178.7,16082999.999999998
164,38.08977045,-87.2983071,0.8746875454178125,9.297281152744205,1.3122921855052054,25.082348335927552,WARRICK,2015,39000.0,151.9,5924100.0
165,38.60061984,-86.10475641,0.8599013793713668,8.365873666195002,1.2897892606606034,10.85872634403047,WASHINGTON,2015,49000.0,156.0,7644000.0
166,39.86309843,-85.00673999,0.8600917651196766,7.765845564475958,1.2900850118771627,12.129337725138264,WAYNE,2015,66000.0,161.2,10639200.0
167,40.74995362,-85.21242837,0.7571157951565303,5.145348959592323,1.1355694272643726,4.361291632087832,WELLS,2015,78000.0,112.5,8775000.0
168,40.748952,-86.88884895,0.8342101539069322,6.326863131000184,1.255142947113446,11.789813713252276,WHITE,2015,144000.0,128.0,18432000.0
169,41.13643394,-85.50189685,0.8199532834699038,6.825120096691303,1.22981156662731,26.93364823178332,WHITLEY,2015,59000.0,138.8,8189200.000000001
170,40.7457405,-84.93613535,0.847293552198896,8.059073203781033,1.273993823042262,30.93093561237884,ADAMS,2016,61000.0,159.5,9729500.0
171,41.09186315,-85.07223512,0.8095161398577274,7.284378702326896,1.2151401341349266,12.846213214986925,ALLEN,2016,78000.0,157.9,12316200.0
172,39.2064832,-85.89366314,0.5792508735495913,3.582237072089632,0.871629926645904,7.109462869174184,BARTHOLOMEW,2016,60000.0,171.2,10272000.0
173,40.60826045,-87.31548474,0.8872751884691683,9.919267753683528,1.3308557053297865,4.196291461058561,BENTON,2016,125000.0,199.2,24900000.0
174,40.47466767,-85.32624117,0.7824447398962515,6.237901449225705,1.1741112090322503,21.862806571886995,BLACKFORD,2016,30000.0,173.9,5217000.0
175,40.05089919,-86.46901894,0.887296983673213,9.826683707590036,1.3314861939185454,8.89735878698515,BOONE,2016,101000.0,180.1,18190100.0
176,40.58498779,-86.56514651,0.9047297758447896,11.010018034711443,1.3576356256260866,7.892140944415553,CARROLL,2016,94000.0,197.8,18593200.0
177,40.7842263,-86.36139836,0.893948112234341,10.249821621084276,1.34149350736619,10.790950927382193,CASS,2016,99000.0,189.6,18770400.0
178,38.47622474,-85.71112699,0.8647865496206711,8.623385809692161,1.3074446055326834,17.40371339968948,CLARK,2016,15600.0,140.5,2191800.0
179,40.30595164,-86.47757176,0.9030876005775464,10.559322990378885,1.3550870129212826,12.702779483897167,CLINTON,2016,107000.0,190.6,20394200.0
180,38.69616271,-87.0769936,0.8888269427634956,9.96912015398593,1.3335211244305023,11.136279219199691,DAVIESS,2016,88000.0,171.9,15127200.0
181,41.39977654,-85.00631853,0.7784359811701101,6.268939544651621,1.1680166005684445,16.423216502701386,DE KALB,2016,44000.0,146.4,6441600.0
182,39.15578657,-84.96537794,0.8913971920270318,9.86970654415667,1.3400103462037958,20.878638255413016,DEARBORN,2016,5900.0,162.1,956390.0
183,39.3059874,-85.49983589,0.8629852137937364,8.92173197769393,1.2951937739755774,16.566358685297132,DECATUR,2016,78000.0,178.9,13954200.0
184,40.22717298,-85.39886044,0.8246926276074851,7.266841836695757,1.237958931641834,11.376892041411171,DELAWARE,2016,73000.0,165.0,12045000.0
185,38.37335926,-86.88093118,0.8741642880561822,9.951410724448518,1.3121030711835922,16.86178288855679,DUBOIS,2016,56000.0,143.3,8024800.000000001
186,41.6007007,-85.8639916,0.858264459427769,8.966299712209159,1.2876009803319184,51.74606636111615,ELKHART,2016,57000.0,158.7,9045900.0
187,39.62874817,-85.16643336,0.8997175443766253,10.35519964340622,1.35794934165579,13.47201463438157,FAYETTE,2016,36000.0,173.2,6235200.0
188,38.32094528,-85.90561545,0.722165471513265,5.269650235604532,1.0832611977138735,2.9542338700601207,FLOYD,2016,2200.0,128.6,282920.0
189,40.12124878,-87.25399855,0.8934732034217586,10.014558345626044,1.3403297792099365,3.181324040843048,FOUNTAIN,2016,98000.0,191.8,18796400.0
190,39.40976964,-85.06696887,0.8980092893609527,10.47442397105022,1.3568220796113837,23.132207774653185,FRANKLIN,2016,37000.0,175.3,6486100.0
191,41.05039149,-86.26501127,0.8982368309781047,10.533074977735785,1.349869204034508,8.956082955481271,FULTON,2016,96000.0,176.7,16963200.0
192,38.31741992,-87.58057102,0.8724201043286477,9.03812303578089,1.3087359020735498,11.415105134670892,GIBSON,2016,98000.0,161.7,15846599.999999998
193,39.04860273,-86.96527803,0.884995313282462,9.482400987401816,1.3277305712166128,18.495041102388843,GREENE,2016,44000.0,156.0,6864000.0
194,40.07974005,-86.05075599,0.7790990058545921,6.39595560286983,1.168703533293694,17.884379674298227,HAMILTON,2016,52000.0,179.5,9334000.0
195,39.82261169,-85.77290861,0.7655201435089166,5.719372020955435,1.1484853871725371,18.123928393548077,HANCOCK,2016,64000.0,172.4,11033600.0
196,38.18653639,-86.1154645,0.6499732382361634,4.298216671307329,0.9749250999754168,2.6199401890021585,HARRISON,2016,23000.0,149.8,3445400.0000000005
197,39.76722022,-86.50832298,0.8867792146048504,9.780005347997973,1.3310082065109354,17.779551835986684,HENDRICKS,2016,69000.0,178.8,12337200.0
198,39.92958363,-85.39734271,0.828161894387996,7.436799356045079,1.2432184694451311,18.962066725410565,HENRY,2016,79000.0,177.6,14030400.0
199,40.48354449,-86.11412297,0.8789942296366846,9.728429822907149,1.3186487991104958,9.26394269665009,HOWARD,2016,63000.0,192.7,12140100.0
200,38.9119645,-86.04252112,0.598918991648883,3.357882711007397,0.898320684951786,2.2807233246831347,JACKSON,2016,55000.0,161.1,8860500.0
201,41.03296976,-87.11884667,0.8856767981851051,9.656895053511647,1.3286383032233524,4.423356193982607,JASPER,2016,162000.0,180.1,29176200.0
202,40.44118947,-85.00919869,0.8563369089152469,8.39133447371317,1.2854509862008805,19.27170477297904,JAY,2016,75000.0,167.3,12547500.0
203,38.79849447,-85.434437,0.8779576861113788,8.672885438967988,1.3169388054229805,16.818662477764484,JEFFERSON,2016,13000.0,148.8,1934400.0000000002
204,38.99624134,-85.62811551,0.7647483356414333,6.641119577229656,1.1498140815532965,9.849945459216698,JENNINGS,2016,32500.0,156.6,5089500.0
205,39.49605983,-86.10317437,0.7316826216912607,4.939992733124113,1.0987821600792622,11.287535973794167,JOHNSON,2016,42500.0,160.9,6838250.0
206,38.70202833,-87.39823239,0.8795277841336384,9.335606311506014,1.3201362467035576,11.592099889001863,KNOX,2016,123000.0,169.7,20873100.0
207,41.24430064,-85.86158057,0.8486949699272441,8.842052295182775,1.2735631170146744,26.70533323097564,KOSCIUSKO,2016,109000.0,164.8,17963200.0
208,41.56424905,-86.72637332,0.8806066911279309,9.3928103298165,1.320977818277978,21.624556488561463,LA PORTE,2016,123000.0,147.9,18191700.0
209,41.64247623,-85.42630687,0.7555046789505672,5.841474464201555,1.1334323730193665,15.692907592958772,LAGRANGE,2016,48000.0,134.1,6436800.0
210,41.43953002,-87.37415437,0.8923314326861397,9.754160545738529,1.3408691655646812,8.03169389105169,LAKE,2016,52000.0,177.4,9224800.0
211,38.83982217,-86.48782494,0.695393459522227,4.960117944475502,1.0438523267167277,3.944176723126226,LAWRENCE,2016,19000.0,144.6,2747400.0
212,40.16621065,-85.72245933,0.8115553453567936,7.047448756406384,1.2176704334047437,18.47821642148857,MADISON,2016,84000.0,181.1,15212400.0
213,41.32501103,-86.26904159,0.8887760253176791,10.201350040175086,1.3335900800517373,13.850910053687306,MARSHALL,2016,92000.0,169.0,15548000.0
214,38.70532933,-86.80185203,0.8902950278686884,10.418392989825705,1.348215446046529,6.024918563967042,MARTIN,2016,15500.0,160.7,2490850.0
215,40.79669505,-86.05388934,0.8739357556957059,9.532137982768068,1.3111191952602814,9.007780071836107,MIAMI,2016,66000.0,167.2,11035200.0
216,39.1684134,-86.52720427,0.8468119958892782,8.915961929948594,1.2702711395238624,9.139577623255173,MONROE,2016,5700.0,160.7,915989.9999999999
217,40.04030377,-86.89271986,0.8884684328915999,9.84108411272191,1.3332495408364815,5.224454266707265,MONTGOMERY,2016,121000.0,200.0,24200000.0
218,39.48265329,-86.44746249,0.8499584783467662,8.852784795804524,1.2759284169627618,14.94695345657536,MORGAN,2016,42000.0,166.0,6972000.0
219,40.96240621,-87.4021772,0.8935118375134794,10.161287115355956,1.340547066515386,4.5532654172398965,NEWTON,2016,111000.0,204.7,22721700.0
220,41.40080199,-85.41785475,0.6875496253048305,5.001342267527798,1.0316161676997626,28.93024642953496,NOBLE,2016,61000.0,157.1,9583100.0
221,38.94870376,-84.96494606,0.878314283600307,8.929789427474018,1.3173292440515705,19.126176021823056,OHIO,2016,2500.0,150.0,375000.0
222,38.54738851,-86.48926212,0.6721446906570497,4.757993729362676,1.0084927541820377,2.203703978034653,ORANGE,2016,27000.0,162.3,4382100.0
223,39.33540745,-86.82610528,0.890731374723691,10.127152089312006,1.3385277190281726,11.009475345514202,OWEN,2016,22000.0,160.5,3531000.0
224,39.77425711,-87.19695563,0.8834951470109157,9.672185491271758,1.3255621054676086,4.511473252580369,PARKE,2016,60000.0,182.8,10968000.0
225,38.38931418,-87.21648097,0.8887249966735673,9.978522028963315,1.3336069421097834,14.079996686530023,PIKE,2016,29000.0,146.5,4248500.0
226,41.458091,-87.07995577,0.8780246919032295,9.076546363378824,1.3171100008160184,9.027795746561267,PORTER,2016,61000.0,173.3,10571300.0
227,38.04109785,-87.84687607,0.8714733775750109,8.825974112807845,1.307329937402244,5.200025017992567,POSEY,2016,87000.0,144.0,12528000.0
228,41.04530081,-86.70061336,0.8853229756767492,9.606800041232717,1.3288544007781102,5.9305068527629095,PULASKI,2016,98000.0,158.8,15562400.000000002
229,40.16442179,-85.00500882,0.8466817531412075,7.952078341142768,1.2705850576366693,6.410051540200223,RANDOLPH,2016,101000.0,165.8,16745800.000000002
230,39.10023758,-85.26054571,0.885880592702229,9.39760651170856,1.329129298160351,13.63921046525667,RIPLEY,2016,39000.0,157.9,6158100.0
231,39.62231987,-85.46653141,0.8546687223661049,8.487545858856858,1.2836174255377804,9.296668226262868,RUSH,2016,109000.0,188.8,20579200.0
232,38.67943827,-85.75190302,0.7239920761997463,6.021108068348069,1.0858838540612832,10.685490103969968,SCOTT,2016,10500.0,142.2,1493099.9999999998
233,39.52414203,-85.7921792,0.7072971245688086,4.732273496747646,1.061356739061651,16.337209181671714,SHELBY,2016,92000.0,165.0,15180000.0
234,38.04565477,-86.96362515,0.8670565380196369,9.180492332235364,1.3006966307538963,8.38830304075231,SPENCER,2016,56000.0,149.1,8349600.0
235,41.277633,-86.63899348,0.8589160892312736,8.397182545204053,1.288812617032828,7.078214989744644,STARKE,2016,52000.0,142.7,7420399.999999999
236,41.64344516,-85.00247164,0.7766127160843647,6.506363670653609,1.1649729715598534,22.468204167731457,STEUBEN,2016,44000.0,147.6,6494400.0
237,39.08923247,-87.41584833,0.8761776083252812,9.312594442255309,1.3147305369937792,4.209045010429035,SULLIVAN,2016,60000.0,164.1,9846000.0
238,38.83711456,-85.02382442,0.8828575956837451,9.33792579120907,1.3247218846458366,15.837408437214153,SWITZERLAND,2016,6000.0,158.2,949199.9999999999
239,40.31023706,-86.05621174,0.8597635778317809,8.826021936549473,1.289817258074938,18.898007281227606,TIPTON,2016,69000.0,198.5,13696500.0
240,39.62311849,-84.92515705,0.9038970018159392,10.778283124433088,1.3626314691997634,19.440383615668168,UNION,2016,32000.0,177.1,5667200.0
241,38.06074538,-87.57952289,0.8666098451796312,8.571379179933936,1.299929403980365,7.009765215336062,VANDERBURGH,2016,26500.0,154.0,4081000.0
242,39.86414105,-87.4510833,0.8951791152345377,10.067492847766554,1.343117199210028,3.690333889174311,VERMILLION,2016,41000.0,197.5,8097500.0
243,40.84372437,-85.79517961,0.7830028857588501,6.69222647694518,1.1767020196166595,8.596780042596084,WABASH,2016,76000.0,177.3,13474800.0
244,40.35664694,-87.35973018,0.8880326472231096,9.810444830372964,1.332140951539428,3.894936524745506,WARREN,2016,91000.0,212.3,19319300.0
245,38.08977045,-87.2983071,0.8707854101543611,8.786236872595307,1.3063276997225273,5.728734547853708,WARRICK,2016,32000.0,134.6,4307200.0
246,38.60061984,-86.10475641,0.6637814892078726,4.25027264456074,0.9955986822383064,2.02445058303526,WASHINGTON,2016,43500.0,147.8,6429300.000000001
247,39.86309843,-85.00673999,0.8760158927376529,9.249827840410845,1.3151471771902077,8.654324061758137,WAYNE,2016,64000.0,167.2,10700800.0
248,40.748952,-86.88884895,0.8951478200150694,10.283810556355844,1.343026713837712,4.374057804244193,WHITE,2016,141000.0,189.2,26677200.0
249,41.13643394,-85.50189685,0.6897730432681614,5.068614370435621,1.0383735846269062,19.63984580996229,WHITLEY,2016,59000.0,161.2,9510800.0
250,40.7457405,-84.93613535,0.8646251047767587,8.241852915874848,1.297499378542683,30.436148517973532,ADAMS,2017,56000.0,169.8,9508800.0
251,41.09186315,-85.07223512,0.8475652897857575,7.749038324718721,1.2714815192956022,19.04923393977639,ALLEN,2017,70000.0,167.6,11732000.0
252,40.60826045,-87.31548474,0.7451306743411905,5.575976742655943,1.1185196732957217,30.377185963701905,BENTON,2017,123000.0,199.2,24501600.0
253,40.47466767,-85.32624117,0.871347708686253,8.705602107920585,1.30712730197948,9.05274173465694,BLACKFORD,2017,27000.0,179.2,4838400.0
254,40.05089919,-86.46901894,0.8786470222596797,8.803679516739692,1.3181233923000566,8.285678799897468,BOONE,2017,90000.0,184.4,16596000.0
255,40.58498779,-86.56514651,0.8753175840781123,9.01407156642841,1.3133241472612232,18.10491006628221,CARROLL,2017,93000.0,181.5,16879500.0
256,40.7842263,-86.36139836,0.889415366632819,9.283707360374418,1.3345202536456746,21.84662925551732,CASS,2017,94000.0,181.1,17023400.0
257,38.47622474,-85.71112699,0.8943217457076943,10.488226963989192,1.342136711513099,6.986642990696646,CLARK,2017,15500.0,158.8,2461400.0
258,39.39395874,-87.11584227,0.7141720591751549,5.529665700042079,1.0711677749333317,46.81558508255604,CLAY,2017,58000.0,189.6,10996800.0
259,40.30595164,-86.47757176,0.8795560029393514,8.846775085006257,1.3196686573440333,10.470805883995835,CLINTON,2017,101000.0,185.1,18695100.0
260,38.69616271,-87.0769936,0.8707027094710422,8.966996478820686,1.3063307887399296,28.031852116024908,DAVIESS,2017,84000.0,194.0,16296000.0
261,41.39977654,-85.00631853,0.8519406331509028,8.14725010102821,1.2779544240033036,9.659542102153482,DE KALB,2017,43000.0,170.0,7310000.0
262,39.15578657,-84.96537794,0.8891161923689309,9.85484152356527,1.3350700992600084,11.606815001570313,DEARBORN,2017,6600.0,168.3,1110780.0
263,39.3059874,-85.49983589,0.8938178194767367,10.085454466985484,1.340992900540826,11.74816837607855,DECATUR,2017,74000.0,190.2,14074800.0
264,40.22717298,-85.39886044,0.8620621251647973,8.127132415715295,1.2933376003757469,7.117518112769033,DELAWARE,2017,65000.0,155.0,10075000.0
265,38.37335926,-86.88093118,0.8846779607744617,9.945276975146246,1.3301008209974263,32.14478647650903,DUBOIS,2017,56000.0,198.1,11093600.0
266,41.6007007,-85.8639916,0.8701846877423858,8.627865465911201,1.3057365843444004,18.684697230191425,ELKHART,2017,54000.0,173.8,9385200.0
267,39.62874817,-85.16643336,0.8951828131745126,9.71616907991354,1.343360979429462,22.628125235596176,FAYETTE,2017,32000.0,173.0,5536000.0
268,40.12124878,-87.25399855,0.7179029376689257,4.562345178807597,1.076739367861999,10.98419205697271,FOUNTAIN,2017,93000.0,183.7,17084100.0
269,39.40976964,-85.06696887,0.8919161146505944,9.807994889518277,1.338351267562619,16.087264654678954,FRANKLIN,2017,36000.0,177.7,6397200.0
270,41.05039149,-86.26501127,0.8921812317671758,9.479716354725074,1.3391220486673137,25.89156885497193,FULTON,2017,91000.0,200.0,18200000.0
271,38.31741992,-87.58057102,0.8081385716948937,7.244031369316193,1.2208320900089966,13.333925661849973,GIBSON,2017,94000.0,194.6,18292400.0
272,40.52342395,-85.65679906,0.8735649048404207,8.633917040475083,1.310555901227921,4.928145132141199,GRANT,2017,63000.0,169.6,10684800.0
273,39.04860273,-86.96527803,0.8457910343939901,7.841674793649588,1.271907839177412,35.673451245385934,GREENE,2017,48000.0,161.1,7732800.0
274,40.07974005,-86.05075599,0.8458346233584235,7.7806626175248335,1.2688780344369648,4.111839634129587,HAMILTON,2017,49000.0,155.7,7629299.999999999
275,39.82261169,-85.77290861,0.8647620933494596,8.244152821954835,1.2971627735278572,5.246755902771983,HANCOCK,2017,65000.0,158.1,10276500.0
276,38.18653639,-86.1154645,0.8921747831236204,10.334157350526064,1.340096828817881,6.989268899427274,HARRISON,2017,20500.0,162.5,3331250.0
277,39.76722022,-86.50832298,0.8708999502985495,8.697432820107379,1.3065107598482797,26.806230113997906,HENDRICKS,2017,60500.0,183.3,11089650.0
278,39.92958363,-85.39734271,0.8786346406949788,8.815690826879209,1.3188191200228745,10.962743746501992,HENRY,2017,70000.0,172.7,12089000.0
279,40.48354449,-86.11412297,0.8671255460451412,8.336852969422576,1.300846886298012,7.667068306631154,HOWARD,2017,61000.0,185.1,11291100.0
280,40.82651982,-85.48759304,0.8581658741577147,8.010403453714208,1.287364677748949,4.915775337569184,HUNTINGTON,2017,61000.0,167.2,10199200.0
281,38.9119645,-86.04252112,0.8648436489147805,8.779993506025809,1.2973086036101011,8.66860719516716,JACKSON,2017,56000.0,166.7,9335200.0
282,41.03296976,-87.11884667,0.8059185437709978,6.348379112997973,1.2088397755232485,9.566439839212656,JASPER,2017,152000.0,183.0,27816000.0
283,40.44118947,-85.00919869,0.8731269928070617,8.501269230287871,1.3101551051600675,22.700955936881236,JAY,2017,69000.0,159.3,10991700.0
284,38.79849447,-85.434437,0.8946501822274153,10.072287472404788,1.342140399214681,11.234606701494906,JEFFERSON,2017,15500.0,167.8,2600900.0
285,38.99624134,-85.62811551,0.8860101602537627,9.8880116647109,1.3290832846544176,9.348063419065802,JENNINGS,2017,28500.0,171.4,4884900.0
286,39.49605983,-86.10317437,0.8739918349368366,9.053350903841745,1.3111873443780206,10.726977412241848,JOHNSON,2017,39000.0,175.4,6840600.0
287,38.70202833,-87.39823239,0.8404462926533101,7.931641812721133,1.2605876093424102,19.917485043774867,KNOX,2017,113000.0,184.7,20871100.0
288,41.24430064,-85.86158057,0.8779988569463425,8.900180838990078,1.3184505436584697,24.899340580931845,KOSCIUSKO,2017,105000.0,171.3,17986500.0
289,41.56424905,-86.72637332,0.8185531402640845,6.611294499768752,1.2281659763360162,28.20889394086455,LA PORTE,2017,118000.0,154.5,18231000.0
290,41.64247623,-85.42630687,0.8523104153479265,7.943857704361277,1.278394642535752,3.6955988511871234,LAGRANGE,2017,46000.0,142.1,6536600.0
291,41.43953002,-87.37415437,0.8855851137361093,10.275634303558528,1.3284772895493837,35.68090132041165,LAKE,2017,51000.0,196.9,10041900.0
292,38.83982217,-86.48782494,0.8815446286177681,9.639326122700748,1.3224909966611107,17.331504523220133,LAWRENCE,2017,17500.0,175.6,3073000.0
293,40.16621065,-85.72245933,0.8687346521355912,8.449072555051112,1.3033091445403475,3.775544276453594,MADISON,2017,79000.0,165.4,13066600.0
294,41.32501103,-86.26904159,0.88884703769371,9.2879637786579,1.334252861797715,28.395664903521386,MARSHALL,2017,86000.0,189.2,16271199.999999998
295,40.79669505,-86.05388934,0.8717431989285042,8.402797690346565,1.307906114555974,11.521519208671451,MIAMI,2017,59000.0,171.1,10094900.0
296,39.1684134,-86.52720427,0.8544247569429013,8.074737413700909,1.2881968997457385,33.73159149858613,MONROE,2017,5600.0,156.4,875840.0
297,40.04030377,-86.89271986,0.8389662649122406,7.499823553669771,1.258512267862664,14.140426157212962,MONTGOMERY,2017,111000.0,200.0,22200000.0
298,39.48265329,-86.44746249,0.8634709416553261,8.643354797350598,1.2963856072178788,31.88309335175788,MORGAN,2017,39000.0,168.8,6583200.0
299,40.96240621,-87.4021772,0.8350190150761326,7.97423951187506,1.252540317964837,38.13590694984166,NEWTON,2017,111000.0,203.9,22632900.0
300,41.40080199,-85.41785475,0.863471128473451,8.455533902250211,1.2952375130365184,12.55382517747384,NOBLE,2017,57000.0,175.5,10003500.0
301,38.94870376,-84.96494606,0.8828827012953451,9.5203620301919,1.3242544348541725,10.14603328882902,OHIO,2017,2500.0,170.8,427000.0
302,38.54738851,-86.48926212,0.8936728689908476,10.25224880746626,1.3404637177899508,10.810302034553402,ORANGE,2017,22000.0,198.2,4360400.0
303,39.33540745,-86.82610528,0.8543623064478845,8.434286980388139,1.2817763431899931,47.80065626196432,OWEN,2017,21000.0,156.1,3278100.0
304,39.77425711,-87.19695563,0.669043564288533,4.173965990998153,1.0034931757957393,22.113017185636654,PARKE,2017,58000.0,178.6,10358800.0
305,38.08144332,-86.62654483,0.8950675180858189,10.642731146751707,1.34264621674358,21.59008017972944,PERRY,2017,11500.0,179.6,2065400.0
306,41.458091,-87.07995577,0.8274029432295914,6.859541876207271,1.24252325377195,25.22874907861989,PORTER,2017,59000.0,186.2,10985800.0
307,38.04109785,-87.84687607,0.7875762937477563,6.705942561405419,1.190874132358213,9.040153153294913,POSEY,2017,83000.0,190.1,15778300.0
308,41.04530081,-86.70061336,0.8331848468969366,7.4328078204294465,1.2500645804133117,31.93682610047876,PULASKI,2017,96000.0,186.2,17875200.0
309,39.67777133,-86.85132739,0.8613988449211935,8.513916533962904,1.292557161427649,34.45441750678655,PUTNAM,2017,71000.0,180.0,12780000.0
310,40.16442179,-85.00500882,0.8874337419076851,9.193592339535746,1.332055267081709,13.82910805457319,RANDOLPH,2017,98000.0,169.6,16620800.0
311,39.10023758,-85.26054571,0.896643216175034,10.514962017710548,1.3452245647990295,12.556127508795925,RIPLEY,2017,39000.0,185.9,7250100.0
312,39.62231987,-85.46653141,0.8944414334349253,9.85334529601674,1.3425366363026996,18.93590726465454,RUSH,2017,103000.0,185.4,19096200.0
313,38.67943827,-85.75190302,0.8882740167104544,9.996295352411218,1.332544576055959,8.913788592988233,SCOTT,2017,13500.0,166.9,2253150.0
314,39.52414203,-85.7921792,0.8843074498822932,9.431666544713108,1.3267312458917766,12.105147378354514,SHELBY,2017,85000.0,178.7,15189499.999999998
315,38.04565477,-86.96362515,0.8884143817762425,9.968249114101024,1.3482178109990322,15.33440416163632,SPENCER,2017,55000.0,196.3,10796500.0
316,41.277633,-86.63899348,0.8452468472812129,7.407550795527462,1.2680845328183183,27.043586842295685,STARKE,2017,56000.0,171.8,9620800.0
317,41.64344516,-85.00247164,0.8540118855952363,8.225518266516556,1.2809578170770013,4.935155742727762,STEUBEN,2017,38000.0,160.0,6080000.0
318,39.08923247,-87.41584833,0.743863917282624,6.24965385468009,1.1156783431408048,29.19642024571366,SULLIVAN,2017,66000.0,179.9,11873400.0
319,38.83711456,-85.02382442,0.8889131976348317,9.95701085552848,1.3333637139960373,18.70598668005846,SWITZERLAND,2017,5900.0,170.9,1008310.0
320,40.38926733,-86.89394799,0.7714767670976018,5.983820338783507,1.1572130638516815,14.952331452257804,TIPPECANOE,2017,97000.0,180.3,17489100.0
321,40.31023706,-86.05621174,0.876121828738617,8.867227416778778,1.3144429281029983,3.7823172198917945,TIPTON,2017,70000.0,172.7,12089000.0
322,39.62311849,-84.92515705,0.8979939258631399,10.170006148285417,1.3477360931334967,17.258691795150213,UNION,2017,32000.0,181.0,5792000.0
323,38.06074538,-87.57952289,0.8197316560475115,7.34908743141318,1.2495481908388848,10.734150507328565,VANDERBURGH,2017,30000.0,194.0,5820000.0
324,39.86414105,-87.4510833,0.6696494264463991,4.292870886983797,1.004405314171988,28.400546694281324,VERMILLION,2017,38000.0,188.0,7144000.0
325,39.42915003,-87.39038086,0.6248448143582072,3.805789736728147,0.9371598172017606,29.550791380067544,VIGO,2017,42000.0,186.7,7841399.999999999
326,40.84372437,-85.79517961,0.8668465326460245,8.387600286217685,1.3004225924298445,5.665916341124526,WABASH,2017,72000.0,174.3,12549600.0
327,40.35664694,-87.35973018,0.746733634117359,5.479502226549452,1.1200082416266088,27.57295844491145,WARREN,2017,86000.0,206.0,17716000.0
328,38.08977045,-87.2983071,0.8740659253442814,9.073653938273583,1.333881232420591,29.796117819758702,WARRICK,2017,34000.0,182.4,6201600.0
329,38.60061984,-86.10475641,0.8863538244313715,9.98300663052768,1.3296340640049744,5.891504334425581,WASHINGTON,2017,39000.0,172.6,6731400.0
330,39.86309843,-85.00673999,0.8912943495147901,9.310293605874454,1.3390891687557158,17.15296282057651,WAYNE,2017,62000.0,171.9,10657800.0
331,40.74995362,-85.21242837,0.874000051310252,8.797505273629605,1.311573326581997,14.264370136276256,WELLS,2017,76000.0,185.1,14067600.0
332,40.748952,-86.88884895,0.7482402681161738,5.425996969650846,1.1223787032949235,18.759819564151208,WHITE,2017,139000.0,185.4,25770600.0
333,41.13643394,-85.50189685,0.8452660776380925,7.6309215426940735,1.2679045302820209,9.177163933901792,WHITLEY,2017,58000.0,175.0,10150000.0
334,40.7457405,-84.93613535,0.8936518618196151,9.889490580217196,1.3411658671184632,12.438407072531554,ADAMS,2018,58000.0,194.5,11281000.0
335,41.09186315,-85.07223512,0.8842310652722594,9.389818030854787,1.3266305884156433,8.760393750990138,ALLEN,2018,74000.0,181.7,13445800.0
336,39.2064832,-85.89366314,0.8759985703473103,9.792189887372176,1.3149390846572064,7.100656077208643,BARTHOLOMEW,2018,55000.0,189.3,10411500.0
337,40.60826045,-87.31548474,0.8970245382569163,10.678444983405246,1.3457713912366516,5.099712064308009,BENTON,2018,118000.0,201.7,23800600.0
338,40.47466767,-85.32624117,0.8870606913031814,9.801642666159749,1.330516266350384,9.116562821094403,BLACKFORD,2018,29000.0,201.0,5829000.0
339,40.05089919,-86.46901894,0.9059411218193522,11.116989306185513,1.3607279715821607,21.340532910903548,BOONE,2018,92000.0,198.9,18298800.0
340,40.58498779,-86.56514651,0.9088328897515286,11.57676519840887,1.3639166097919682,13.27366507974392,CARROLL,2018,87000.0,204.7,17808900.0
341,40.7842263,-86.36139836,0.9084851032938712,11.510119996298531,1.3663612806048628,13.45730891701378,CASS,2018,92000.0,195.5,17986000.0
342,38.47622474,-85.71112699,0.8947748545673218,11.136840503969973,1.343001106349754,11.053433406553806,CLARK,2018,16000.0,178.7,2859200.0
343,39.39395874,-87.11584227,0.8848699343042579,10.136427845223023,1.3284704801899054,36.69722913620152,CLAY,2018,55000.0,181.5,9982500.0
344,40.30595164,-86.47757176,0.9108601986316716,11.586541277997256,1.367221753583861,18.571922941226926,CLINTON,2018,102000.0,213.9,21817800.0
345,38.69616271,-87.0769936,0.8878714160556183,10.156944649285082,1.3332955242196616,26.806915697389684,DAVIESS,2018,80000.0,196.2,15696000.0
346,41.39977654,-85.00631853,0.8684102907693346,8.331377313026657,1.3028525373772644,7.712174577127606,DE KALB,2018,44000.0,159.5,7018000.0
347,39.15578657,-84.96537794,0.8920204750185374,10.710244753964137,1.339602841802501,6.821306005982982,DEARBORN,2018,6700.0,176.7,1183890.0
348,39.3059874,-85.49983589,0.8989599034058765,11.28160869903401,1.348786384996994,10.68789275986543,DECATUR,2018,76000.0,206.8,15716800.0
349,40.22717298,-85.39886044,0.8812706586237385,9.211747667154643,1.3219681001068802,6.087196912773407,DELAWARE,2018,62000.0,208.1,12902200.0
350,38.37335926,-86.88093118,0.9026482348355078,10.65143413360965,1.3851983803143817,29.651673331282996,DUBOIS,2018,49000.0,187.1,9167900.0
351,41.6007007,-85.8639916,0.8810117759019748,9.393233007144309,1.3222577516167198,9.607196507273123,ELKHART,2018,53000.0,172.5,9142500.0
352,39.62874817,-85.16643336,0.8942801882165465,10.101075850321886,1.3425207533958372,29.386525966870234,FAYETTE,2018,37000.0,198.6,7348200.0
353,39.40976964,-85.06696887,0.8885280307054373,10.448644069570165,1.3331049163813318,11.272581566371562,FRANKLIN,2018,36500.0,185.7,6778050.0
354,41.05039149,-86.26501127,0.9085683641153526,11.064334946248543,1.366412924488443,14.150768024362108,FULTON,2018,93000.0,187.2,17409600.0
355,38.31741992,-87.58057102,0.8393710048415708,8.23787641069756,1.2601202774871163,27.058977085979315,GIBSON,2018,97000.0,184.0,17848000.0
356,40.52342395,-85.65679906,0.8903551592045814,9.860447922977157,1.3356043815000531,4.3489121155182815,GRANT,2018,69000.0,204.4,14103600.0
357,39.04860273,-86.96527803,0.8871078405679381,9.929422314904617,1.332213487185391,21.520786051844095,GREENE,2018,47000.0,179.1,8417700.0
358,40.07974005,-86.05075599,0.8669095803308208,9.147462880905756,1.3003335196679198,16.966868040034477,HAMILTON,2018,45000.0,174.5,7852500.0
359,39.82261169,-85.77290861,0.8869350505892001,9.81513969879567,1.3302857218370656,5.995167126111341,HANCOCK,2018,53000.0,187.5,9937500.0
360,38.18653639,-86.1154645,0.8801356454926775,9.326957911368265,1.3463134496843212,14.487818298108468,HARRISON,2018,19000.0,189.2,3594800.0
361,39.76722022,-86.50832298,0.8992909894765013,10.717902579803903,1.3519710346530598,22.081933303816555,HENDRICKS,2018,64000.0,206.9,13241600.0
362,39.92958363,-85.39734271,0.8887643026992147,9.615420510009251,1.3331155009996598,10.424116018556196,HENRY,2018,71000.0,198.5,14093500.0
363,40.48354449,-86.11412297,0.904224525164818,11.037383895514749,1.3567137351003682,11.484139660789138,HOWARD,2018,60000.0,215.7,12942000.0
364,40.82651982,-85.48759304,0.8915920061463722,9.78664988097413,1.3374844613246868,4.494428739101172,HUNTINGTON,2018,56000.0,183.0,10248000.0
365,38.9119645,-86.04252112,0.8736557036393798,9.823375174683648,1.3106196550594644,10.141386692424742,JACKSON,2018,58500.0,173.2,10132200.0
366,41.03296976,-87.11884667,0.8847313847962438,9.768032625585809,1.327371862666666,4.096576998044312,JASPER,2018,154000.0,164.5,25333000.0
367,40.44118947,-85.00919869,0.889960977307231,9.812936817597867,1.3351480875318404,10.67570919136453,JAY,2018,72000.0,188.6,13579200.0
368,38.79849447,-85.434437,0.8916997964744295,10.619175367297574,1.337754516675287,10.584954309375268,JEFFERSON,2018,11500.0,185.0,2127500.0
369,38.99624134,-85.62811551,0.8863476394367863,10.136712132968714,1.3294559837304312,5.5536758913949305,JENNINGS,2018,30000.0,181.6,5448000.0
370,38.70202833,-87.39823239,0.8705744331673061,9.42061148205988,1.3066543200782363,18.0107060271744,KNOX,2018,109000.0,179.4,19554600.0
371,41.24430064,-85.86158057,0.89736530699753,10.358535736766717,1.3477364269095855,6.919504943860035,KOSCIUSKO,2018,101000.0,179.8,18159800.0
372,41.56424905,-86.72637332,0.8788357496586137,9.369717030812469,1.3186341848566754,7.080037548474783,LA PORTE,2018,110000.0,159.0,17490000.0
373,41.64247623,-85.42630687,0.855229224981727,7.872496932204503,1.282980803869004,7.322387890176433,LAGRANGE,2018,43000.0,142.1,6110300.0
374,38.83982217,-86.48782494,0.8904313742881385,10.482092409974108,1.3357095498317006,9.161201179658368,LAWRENCE,2018,18000.0,192.1,3457800.0
375,40.16621065,-85.72245933,0.8844882124740847,9.722557207533224,1.3267094453079862,7.002457556387543,MADISON,2018,80000.0,205.1,16408000.0
376,41.32501103,-86.26904159,0.8951242594317695,9.992143106240876,1.345087655554669,7.4910300013037725,MARSHALL,2018,90000.0,175.6,15804000.0
377,38.70532933,-86.80185203,0.8990386311288832,10.662101588835922,1.3596996633161642,22.704039252366314,MARTIN,2018,18000.0,182.9,3292200.0
378,40.79669505,-86.05388934,0.9037092588790148,10.899241858174596,1.3563628757265744,13.177561530470014,MIAMI,2018,62000.0,191.4,11866800.0
379,39.1684134,-86.52720427,0.8969920945598472,10.711176854477698,1.3496175534422523,26.088214617391397,MONROE,2018,6000.0,181.8,1090800.0
380,39.48265329,-86.44746249,0.8947499211279124,10.463167530292193,1.343194257514791,25.389671438543537,MORGAN,2018,40000.0,197.0,7880000.0
381,40.96240621,-87.4021772,0.8985500243887664,10.531286195744403,1.3484638215336304,6.955335715194586,NEWTON,2018,100000.0,198.9,19890000.0
382,41.40080199,-85.41785475,0.8767913236720098,8.8205531055501,1.315300235124938,5.93133309621583,NOBLE,2018,61000.0,170.7,10412700.0
383,38.94870376,-84.96494606,0.8836380376167997,9.426655736933226,1.3273743487269027,4.375472399123176,OHIO,2018,2600.0,180.0,468000.0
384,38.54738851,-86.48926212,0.896797847709878,11.17137529259973,1.345437965255977,7.897894875707425,ORANGE,2018,23000.0,206.7,4754100.0
385,39.33540745,-86.82610528,0.8999486106417492,10.766474418859762,1.3523496387133411,38.27019922021465,OWEN,2018,23000.0,172.7,3972099.9999999995
386,39.77425711,-87.19695563,0.8917491316731653,10.09718886876498,1.339536509508838,18.701255889624065,PARKE,2018,56000.0,192.7,10791200.0
387,41.458091,-87.07995577,0.887870679811315,9.984527037279312,1.332037809886062,5.079992969945217,PORTER,2018,58000.0,182.1,10561800.0
388,38.04109785,-87.84687607,0.8336720905852254,8.222660056555206,1.2507103860115023,26.59567247460977,POSEY,2018,79000.0,182.1,14385900.0
389,41.04530081,-86.70061336,0.8823285986108489,9.684111465053606,1.3248178170198273,6.245627491320599,PULASKI,2018,100000.0,169.1,16910000.0
390,39.67777133,-86.85132739,0.9002950677670924,10.646676737009845,1.3529086298270006,30.40882955095762,PUTNAM,2018,64000.0,196.8,12595200.0
391,40.16442179,-85.00500882,0.892661875979244,10.102301751717604,1.339196747603172,11.344607510215134,RANDOLPH,2018,101000.0,184.8,18664800.0
392,39.10023758,-85.26054571,0.894839815581212,10.923820571859796,1.3425905692742686,9.261602088051948,RIPLEY,2018,39000.0,182.9,7133100.0
393,39.62231987,-85.46653141,0.9011810581652072,11.087998959138428,1.3519926980048789,10.056805548008995,RUSH,2018,103000.0,203.9,21001700.0
394,38.67943827,-85.75190302,0.9012600712915247,11.720984626410935,1.3519320921569702,11.580284329308457,SCOTT,2018,11500.0,180.2,2072299.9999999998
395,39.52414203,-85.7921792,0.8887857255306761,10.3305753591865,1.3333758344122313,4.650707038144432,SHELBY,2018,88000.0,194.3,17098400.0
396,41.64344516,-85.00247164,0.8459675124412481,7.644968552682134,1.2692363073095485,9.751782145676987,STEUBEN,2018,40000.0,150.0,6000000.0
397,39.08923247,-87.41584833,0.8821894212024265,9.857408209713324,1.3246761539787302,18.35941053048109,SULLIVAN,2018,59000.0,187.3,11050700.0
398,38.83711456,-85.02382442,0.8903324607378693,10.398267289559174,1.3376985727743398,6.321427524249295,SWITZERLAND,2018,6200.0,178.0,1103600.0
399,40.38926733,-86.89394799,0.8988768624333849,10.784361919219185,1.348698203379046,9.04300913748519,TIPPECANOE,2018,92000.0,201.1,18501200.0
400,40.31023706,-86.05621174,0.8945416931159474,10.416960931796565,1.342048914063967,15.225074519556015,TIPTON,2018,65000.0,215.5,14007500.0
401,39.62311849,-84.92515705,0.8959490087002437,10.53508612098294,1.3442060541543026,28.908152111864297,UNION,2018,31000.0,203.9,6320900.0
402,38.06074538,-87.57952289,0.8164244426911791,7.593550416965364,1.224600927387004,28.177081338458635,VANDERBURGH,2018,28500.0,179.6,5118600.0
403,39.86414105,-87.4510833,0.8963735089888514,10.318815340710978,1.345080541643531,10.063664095893843,VERMILLION,2018,45000.0,197.5,8887500.0
404,39.42915003,-87.39038086,0.8698054514904656,9.159520598299371,1.3065149396417195,28.234716376947063,VIGO,2018,47000.0,176.4,8290800.0
405,40.84372437,-85.79517961,0.8965196735993947,10.215752978394567,1.3452565012397166,5.349244367274514,WABASH,2018,72000.0,201.4,14500800.0
406,40.35664694,-87.35973018,0.8992917948906571,10.640062441019094,1.349311101189164,4.849696071487146,WARREN,2018,82000.0,206.4,16924800.0
407,38.08977045,-87.2983071,0.8674945388204744,8.630984385608462,1.302079315087325,26.028078018254465,WARRICK,2018,31500.0,161.2,5077800.0
408,38.60061984,-86.10475641,0.8960073507698114,11.011434501441585,1.3439235854355631,9.61709263961056,WASHINGTON,2018,37200.0,184.1,6848520.0
409,39.86309843,-85.00673999,0.8869749754192141,9.389759646465516,1.3307296897185712,41.89597649120107,WAYNE,2018,62000.0,191.7,11885400.0
410,40.74995362,-85.21242837,0.8946534201544228,10.129062786932906,1.3422049560392215,7.159999739985837,WELLS,2018,75000.0,204.1,15307500.0
411,40.748952,-86.88884895,0.8924087880259494,10.241194816648804,1.338905299211972,9.045582195117152,WHITE,2018,135000.0,196.9,26581500.0
412,41.13643394,-85.50189685,0.8905048832931741,9.642556926496242,1.3359680064517456,5.09230260083892,WHITLEY,2018,59000.0,180.7,10661300.0
413,40.7457405,-84.93613535,0.8483166223387628,7.503676057807771,1.274266929680646,24.5953098739292,ADAMS,2019,40000.0,170.1,6804000.0
414,41.09186315,-85.07223512,0.7332477043093691,5.7455524239521925,1.1014350340502002,30.52954676353294,ALLEN,2019,53000.0,181.4,9614200.0
415,40.60826045,-87.31548474,0.880977512275938,9.4543735713445,1.321387395624796,2.677316766403641,BENTON,2019,123000.0,186.0,22878000.0
416,40.05089919,-86.46901894,0.813556627545163,7.233195613957204,1.2206651371141428,7.0969931011622105,BOONE,2019,72000.0,177.4,12772800.0
417,40.58498779,-86.56514651,0.8845649550529298,9.792332369863368,1.3270041977054494,13.060968068405844,CARROLL,2019,93000.0,194.6,18097800.0
418,38.47622474,-85.71112699,0.8311860163982612,7.342034694981722,1.2654469432316526,23.0611975433516,CLARK,2019,16300.0,132.5,2159750.0
419,38.30284709,-86.467742,0.8410803243702218,7.467456956050743,1.2621289963313005,24.12715438066131,CRAWFORD,2019,5600.0,126.4,707840.0
420,38.69616271,-87.0769936,0.8363514213293162,7.527241918460425,1.255438209072387,33.00754473954466,DAVIESS,2019,84000.0,168.4,14145600.0
421,41.39977654,-85.00631853,0.5927500200985684,3.4201494138798414,0.889901408817646,17.38251757229357,DE KALB,2019,34000.0,168.3,5722200.0
422,39.15578657,-84.96537794,0.8275853758260008,6.906407142618317,1.2454430991580996,16.8960292607834,DEARBORN,2019,5400.0,129.4,698760.0
423,39.3059874,-85.49983589,0.8248359980798653,7.198050025933846,1.2381538162233248,21.525485787130474,DECATUR,2019,72000.0,180.0,12960000.0
424,40.22717298,-85.39886044,0.769137584693006,5.778859959117818,1.1539756947843052,5.734546575198284,DELAWARE,2019,52000.0,157.6,8195200.0
425,38.37335926,-86.88093118,0.8560135291914224,8.416236386221856,1.288045819466899,35.9998726664958,DUBOIS,2019,54500.0,163.6,8916200.0
426,41.6007007,-85.8639916,0.8213663408887927,7.803145310931598,1.2348564920897072,31.199900305468965,ELKHART,2019,50000.0,154.7,7734999.999999999
427,39.62874817,-85.16643336,0.9041371464442236,9.585972062864778,1.3648913402907867,20.05261551167621,FAYETTE,2019,35000.0,177.3,6205500.0
428,38.32094528,-85.90561545,0.7836245708957745,6.057089626987396,1.1762309360350207,11.796712128905025,FLOYD,2019,2900.0,146.4,424560.0
429,39.40976964,-85.06696887,0.8595435365846461,8.159171383311362,1.2913008389967289,25.57169859236067,FRANKLIN,2019,34700.0,152.4,5288280.0
430,41.05039149,-86.26501127,0.891230196549296,9.914490670331151,1.340232383208761,48.71159864260833,FULTON,2019,87000.0,172.6,15016200.0
431,38.31741992,-87.58057102,0.8456807234238183,8.47851391280748,1.2693549356954914,22.21547378600552,GIBSON,2019,86000.0,179.0,15394000.0
432,39.04860273,-86.96527803,0.8179780956836289,6.7328804097081285,1.2273609287179057,30.556175432157747,GREENE,2019,42000.0,133.8,5619600.000000001
433,40.07974005,-86.05075599,0.7468777028238873,5.747059419562766,1.120758115619486,6.167408872064075,HAMILTON,2019,40000.0,156.7,6268000.0
434,39.82261169,-85.77290861,0.7180047557776541,4.966184678919392,1.0796557888032718,9.822433064046942,HANCOCK,2019,47000.0,138.2,6495399.999999999
435,38.18653639,-86.1154645,0.7506714552923107,5.646274765297848,1.1267427464073712,24.895273976190573,HARRISON,2019,23000.0,133.9,3079700.0
436,39.76722022,-86.50832298,0.8457161213862258,7.732313142925862,1.2690740181500988,12.201508276470069,HENDRICKS,2019,59000.0,176.1,10389900.0
437,40.48354449,-86.11412297,0.8708151287200274,8.971058115032115,1.3069405605585518,10.010382591635487,HOWARD,2019,56000.0,185.6,10393600.0
438,40.82651982,-85.48759304,0.4636347923688202,1.8820447509941536,0.6953618730247385,33.41229320469029,HUNTINGTON,2019,48000.0,181.0,8688000.0
439,40.44118947,-85.00919869,0.848317998752838,7.415150566645219,1.2734925177649608,18.087718860984417,JAY,2019,53000.0,164.9,8739700.0
440,38.79849447,-85.434437,0.8444593623437554,7.523482582889262,1.268510673253008,22.97861706800903,JEFFERSON,2019,22000.0,123.6,2719200.0
441,38.99624134,-85.62811551,0.765338918775247,5.904550623059783,1.1500158414935902,12.138025371614706,JENNINGS,2019,21500.0,135.4,2911100.0
442,39.49605983,-86.10317437,0.7693568886559738,5.629117908544053,1.1543181166734966,13.388188444792457,JOHNSON,2019,38500.0,169.2,6514200.0
443,41.24430064,-85.86158057,0.7981892487798027,8.026647347991359,1.2011757929824158,38.374083377308985,KOSCIUSKO,2019,104000.0,173.7,18064800.0
444,41.56424905,-86.72637332,0.8650765676548904,8.552965078565009,1.2995670035639055,11.995859421924848,LA PORTE,2019,107000.0,148.1,15846700.0
445,41.64247623,-85.42630687,0.663268838557855,4.005945950873034,0.9954460370158762,18.062728996835407,LAGRANGE,2019,45000.0,133.3,5998500.000000001
446,38.83982217,-86.48782494,0.8385700214014076,7.553456675401367,1.2596422810144765,9.38766181677978,LAWRENCE,2019,18300.0,130.5,2388150.0
447,40.16621065,-85.72245933,0.7134897111125577,5.278105728078511,1.0702078601388112,8.25313431282714,MADISON,2019,63000.0,158.9,10010700.0
448,39.78305676,-86.14569837,0.7238589672341991,4.811433946731551,1.086049973181247,12.30315370594602,MARION,2019,4500.0,144.2,648900.0
449,41.32501103,-86.26904159,0.8764230305139934,9.041411904304164,1.3191170722137378,25.832437080069703,MARSHALL,2019,87000.0,157.1,13667700.0
450,39.1684134,-86.52720427,0.8439623638583803,7.851723693103891,1.2671622499056043,18.55823673084007,MONROE,2019,4900.0,134.0,656600.0
451,40.04030377,-86.89271986,0.8515411703764617,8.18135773055888,1.2776915766591417,5.598660029290949,MONTGOMERY,2019,110000.0,189.9,20889000.0
452,40.96240621,-87.4021772,0.8705260173732092,8.707814900738297,1.3058794254920458,5.171773396155706,NEWTON,2019,97000.0,182.4,17692800.0
453,41.40080199,-85.41785475,0.6069990588715168,3.4368519384301,0.9104786784400646,14.440789356340629,NOBLE,2019,62000.0,179.5,11129000.0
454,38.94870376,-84.96494606,0.8427813300169985,7.252510307810436,1.266883033886278,11.335523004943358,OHIO,2019,3000.0,136.2,408599.99999999994
455,38.54738851,-86.48926212,0.8264477570602358,7.252155166185246,1.2397944255346656,8.52210223667379,ORANGE,2019,21200.0,152.6,3235120.0
456,39.77425711,-87.19695563,0.8650663689141105,8.697084835138682,1.2976006146565184,4.587964524893689,PARKE,2019,60000.0,178.8,10728000.0
457,41.458091,-87.07995577,0.8766786580043741,8.917549279656885,1.3176219428666234,10.887667811993143,PORTER,2019,51000.0,181.2,9241200.0
458,38.04109785,-87.84687607,0.8638436146365428,9.125612347385005,1.2960173005333204,19.622254295065225,POSEY,2019,78000.0,176.6,13774800.0
459,41.04530081,-86.70061336,0.8684575486369857,8.771580514116382,1.303312912787953,26.916165777630887,PULASKI,2019,99000.0,161.0,15939000.0
460,39.67777133,-86.85132739,0.8783346985953417,9.104218405626682,1.3180772482327,10.82117385720281,PUTNAM,2019,70000.0,179.1,12537000.0
461,40.16442179,-85.00500882,0.8567408377010918,7.738605343080708,1.286617634419324,16.92944553115687,RANDOLPH,2019,84000.0,170.5,14322000.0
462,39.62231987,-85.46653141,0.8596213203279833,8.406586738167222,1.2956704452275782,19.528496546783025,RUSH,2019,106000.0,180.0,19080000.0
463,39.52414203,-85.7921792,0.7973880337979908,6.642845493009828,1.198109499779167,9.993300884252216,SHELBY,2019,91000.0,163.5,14878500.0
464,38.04565477,-86.96362515,0.8728625174230085,9.081043765634105,1.3106667664921168,43.19451717677687,SPENCER,2019,61000.0,158.3,9656300.0
465,41.277633,-86.63899348,0.8574869618905274,7.985186510911676,1.2867829739388128,13.516373006970866,STARKE,2019,51000.0,146.3,7461300.000000001
466,39.08923247,-87.41584833,0.8365495218288153,7.66062708812732,1.2547506593162634,18.266431640157897,SULLIVAN,2019,54000.0,164.8,8899200.0
467,38.83711456,-85.02382442,0.8419046417882607,7.514015123692301,1.2907804639220477,19.96411944922839,SWITZERLAND,2019,5300.0,123.5,654550.0
468,40.38926733,-86.89394799,0.859008964654207,8.444073485406966,1.2884793035029198,5.444721295757785,TIPPECANOE,2019,93000.0,180.2,16758599.999999998
469,40.31023706,-86.05621174,0.8101708099085307,7.428981554865188,1.2154214750755985,5.85533637723165,TIPTON,2019,62000.0,172.4,10688800.0
470,39.62311849,-84.92515705,0.908015699570247,9.959706448163306,1.3665499530197451,16.12027596727652,UNION,2019,33000.0,179.0,5907000.0
471,38.06074538,-87.57952289,0.8467980451375247,8.296107461289004,1.2913189579522186,28.918271798759758,VANDERBURGH,2019,27500.0,167.7,4611750.0
472,39.86414105,-87.4510833,0.8731573331539617,9.20958571937246,1.309759147377597,5.662799663683927,VERMILLION,2019,44000.0,167.2,7356799.999999999
473,39.42915003,-87.39038086,0.8577478942921171,8.371906701298467,1.2865160471322523,10.204941387018842,VIGO,2019,41000.0,171.8,7043800.000000001
474,40.84372437,-85.79517961,0.5995012556050107,3.8428889619902615,0.899822771717581,30.294890695446224,WABASH,2019,65000.0,184.3,11979500.0
475,40.35664694,-87.35973018,0.8846328967705159,9.721980946604146,1.326829262497929,2.468842862026257,WARREN,2019,81000.0,192.4,15584400.0
476,38.08977045,-87.2983071,0.849386344524005,7.886705463020152,1.2811347374552655,29.812471668638665,WARRICK,2019,36000.0,156.5,5634000.0
477,38.60061984,-86.10475641,0.7466325606784648,5.453853759799909,1.1203732530861454,15.1492068294439,WASHINGTON,2019,45000.0,134.3,6043500.000000001
478,39.86309843,-85.00673999,0.8915943432303874,8.96670104822251,1.3475797140549082,17.620356799805943,WAYNE,2019,61000.0,167.5,10217500.0
479,40.748952,-86.88884895,0.8766168308497753,9.31689818797872,1.3149303834986874,7.654960575898518,WHITE,2019,135000.0,177.6,23976000.0
480,41.13643394,-85.50189685,0.4625978735473359,1.957436736342166,0.6938431927497078,25.411527777346706,WHITLEY,2019,54000.0,174.0,9396000.0
